{"cameraMode":{"drawMode":0,"name":"Shaded","section":"Shading Mode"},"sceneLighting":false,"audioPlay":false,"sceneViewState":{"showFog":true,"showMaterialUpdate":false,"showSkybox":true,"showFlares":true,"showImageEffects":true,"showParticleSystems":true},"in2DMode":false,"pivot":{"x":0.8355503082275391,"y":0.8794794082641602,"z":-1.2180042266845704},"rotation":{"x":-0.055966101586818698,"y":0.935217022895813,"z":-0.17193013429641725,"w":-0.30442899465560915},"size":10.0,"orthographic":false}