{"cameraMode":{"drawMode":0,"name":"Shaded","section":"Shading Mode"},"sceneLighting":false,"audioPlay":false,"sceneViewState":{"showFog":true,"showMaterialUpdate":true,"showSkybox":true,"showFlares":true,"showImageEffects":true,"showParticleSystems":true},"in2DMode":false,"pivot":{"x":6.533832550048828,"y":-20.412670135498048,"z":180.43905639648438},"rotation":{"x":-0.08970049023628235,"y":-0.10496509820222855,"z":0.009506581351161003,"w":-0.9903765916824341},"size":188.11866760253907,"orthographic":false}