{"cameraMode":{"drawMode":0,"name":"Shaded","section":"Shading Mode"},"sceneLighting":false,"audioPlay":false,"sceneViewState":{"showFog":true,"showMaterialUpdate":false,"showSkybox":true,"showFlares":true,"showImageEffects":true,"showParticleSystems":true},"in2DMode":false,"pivot":{"x":21.856382369995118,"y":-7.238096237182617,"z":7.348482131958008},"rotation":{"x":-0.11857142299413681,"y":-0.547554612159729,"z":0.0787365511059761,"w":-0.8245758414268494},"size":25.357818603515626,"orthographic":false}