{"cameraMode":{"drawMode":0,"name":"Shaded","section":"Shading Mode"},"sceneLighting":false,"audioPlay":false,"sceneViewState":{"showFog":true,"showMaterialUpdate":true,"showSkybox":true,"showFlares":true,"showImageEffects":true,"showParticleSystems":true},"in2DMode":false,"pivot":{"x":24.504535675048829,"y":10.922422409057618,"z":12.740655899047852},"rotation":{"x":-0.07930485159158707,"y":-0.5807560682296753,"z":0.05698809772729874,"w":-0.8081989884376526},"size":22.11326789855957,"orthographic":false}